<?xml version="1.0" encoding="UTF-8"?>
<project-private xmlns="http://www.netbeans.org/ns/project-private/1">
    <editor-bookmarks xmlns="http://www.netbeans.org/ns/editor-bookmarks/2" lastBookmarkId="0"/>
    <open-files xmlns="http://www.netbeans.org/ns/projectui-open-files/2">
        <group>
            <file>file:/home/dikawfa/Documents/Kuliah/Semester%204/Database/Praktikum/12/Perhotelan/src/perhotelan/Perhotelan.java</file>
            <file>file:/home/dikawfa/Documents/Kuliah/Semester%204/Database/Praktikum/12/Perhotelan/src/perhotelan/Transaksi.java</file>
            <file>file:/home/dikawfa/Documents/Kuliah/Semester%204/Database/Praktikum/12/Perhotelan/src/perhotelan/Kamar.java</file>
            <file>file:/home/dikawfa/Documents/Kuliah/Semester%204/Database/Praktikum/12/Perhotelan/src/perhotelan/Tamu.java</file>
        </group>
    </open-files>
</project-private>
